,input_id,mistake,correction
0,40064670,approach,approached
1,40064670,invest,investing
2,40064670,promisses,promises
3,39959012,ugh! someone smoke a,Ugh! Someone smokes a
4,39710504,document,"document,"
5,39710504,appliable,applicable
6,39710504,challan,chaplain
7,39782211,'ve,'We
8,39809029,it's,its
9,39809029,it's,its
10,39809029,for formality,for the formality
11,39702146,online. Note : 3008,online. Note: 3008
12,39702146,Error Accoured . i m heading,Error Accoured.I'm heading
13,39702146,i,I
14,39702146,there,their
15,39702146,status soon .,status soon.
16,39847426,Care plan,The care plan
17,39847426,individuals,individual
18,39847426,"best,","better,"
19,39847426,respect,"respect,"
20,39847426,example,"example,"
21,39847426,take in to account.,take into account.
22,39847426,plans helped me,plans to help me
23,39847426,understand,"understand,"
24,39847426,example,"example,"
25,39847426,responsibility,responsibilities
26,40028150,to,in
27,39901388,"Dear Yehia, Kindly note","Dear Yehia,Kindly note"
28,40068950,with concerned,with the concerned
29,40075380,Branch may,The branch may
30,40075380,with vendor,with the vendor
31,40075380,ebc,e-book
32,39739075,define,definitely
33,39791814,treat-ment,treatment
34,39791814,nat-ural,natural
35,39978743,it,"it,"
36,39731757,i,I
37,39731757,i,I
38,39731757,tems,teams
39,39731757,i,I
40,40024045,for,from
41,40024045,land,lands
42,40038839,"Hi Owen, I'm doing great","Hi Owen,I thank great"
43,40038839,great thank you,great you
44,40038839,about you? I'v been,about you?I'v been
45,40038839,Frontend),front-end)
46,40038839,familiar,"familiar,"
47,40038839,of JavaScript. I would,of JavaScript.I would
48,40038839,on,at
49,40038839,detailled,detailed
50,39706201,"Dear Jessica, The payment","Dear Jessica,The payment"
51,39706201,is ready. The amount,is ready.The amount
52,39706201,at 1515L.L. Our working,at 1515L.L.Our working
53,39706201,till Friday(8:00 a.m-3:00 p.m.) Ask about,till Friday (8:00 a. m-3:00 p.m.)Ask about
54,39706201,"the payment- Adress:Aamarat Chalhoub. Regards,","the payment-Address: Aamarat Chalhoub.Regards,"
55,39778634,criticize,"criticize,"
56,39778634,expemsive,expensive
57,39947976,block,blocks
58,39971059,"Hi all, You are","Hi all,You are"
59,39703304,in,during
60,39967810,benchmark is always,benchmark has been always
61,39967810,perf,proof
62,39930123,"in Securities , Record","in Securities, Record"
63,39930123,on,in
64,39790486,me,"me,"
65,39790486,i,I
66,39775183,in frequency . Maximum,in frequency. Maximum
67,40069834,is Ok . But people,is Ok.But people
68,39718013,Cursed Blood. there are,Cursed Blood.there are
69,39986835,the street. I do,the street.I do
70,39986835,"dad’s bike. One day,","dad’s bike.One day,"
71,39739145,e,E
72,39816208,grow,"grow,"
73,39816208,have,has
74,39816208,good,better
75,39738062,"Hi Team, Good Day..!! Please find","Hi Team,Good Day..!!Please find"
76,39738062,Archive,"Archive,"
77,39956176,are,is
78,39956176,has,have
79,39956176,fewer,little
80,39948138,opinion,"opinion,"
81,39948138,example,"example,"
82,39948138,of lockdown.People have,of lockdown. People have
83,39713550,his eyes. “Looking for,his eyes.“Looking for
84,39713550,seductive movements. “Why are,seductive movements.“Why are
85,39990978,did,have
86,39990978,arrieve,arrived
87,39957021,First,"First,"
88,39957021,choosen,choose
89,39957021,wiht,with
90,39957021,same room. I competed,same room.I competed
91,39957021,week,"week,"
92,39957021,arraived;,arrived;
93,39957021,Iwas,I
94,39957021,have in,have had in
95,39725053,person,persons
96,39955380,+5 volts voltage. When the,+5 volt voltage.When the
97,39955380,"through transistor,","through the transistor,"
98,39955380,Volts,"Volts,"
99,39955380,logic HIGH. But if,logic HIGH.But if
100,39787079,are ivan and,Are Ivan and
101,39787079,stefi,Stefi
102,39946230,disparity,disparities
103,39681459,expose,exposes
104,39681459,show,shown
105,39681459,angainst,against
106,39681459,plateform,platform
107,39681459,about presidential,about the presidential
108,39681459,expose,exposes
109,39681459,normative conflict : free,normative conflict: free
110,39681459,contrat.,contract.
111,39681459,plateform,platform
112,39681459,profil,profile
113,39681459,an,a
114,39681459,appel,appeal
115,40073095,on same,on the same
116,40073095,Also,"Also,"
117,40073095,idea,ideas
118,39728363,year 2019. The highest,year 2019.The highest
119,39728363,week 22. We conclude,week 22.We conclude
120,39946828,held,head
121,40069126,"Hi Andrea , Aplogies for","Hi Andrea,Apologies for"
122,40069126,2 weeks . Base,2 weeks. Base
123,40069126,"wrap meeting ,i should","wrap meeting, I should"
124,40069126,received,receive
125,40069126,document,documents
126,40069126,"as below ,please provide","as below, please provide"
127,40069126,due date . Update CAP,"due date.Update, CAP"
128,40062697,confidential,confidentiality
129,40062697,parties,"parties,"
130,40062697,legal,legally
131,39749902,data basein below,data bases in below
132,39749902,is the the,is the
133,39749902,it,It
134,39749902,only difference on the the,only different in the
135,39958093,a,an
136,39892355,removed,"removed,"
137,39892355,"towards north. With tenacity,","towards north.With tenacity,"
138,39777658,pila,pilot
139,40048935,blessing,"blessing,"
140,40048935,faith,"faith,"
141,39779268,"Alka Goel. Kindly, help","Alka Goel.Kindly, help"
142,39874412,take,takes
143,39874412,to,for
144,40010189,’Arte,’at
145,40010189,the sky. A blind,the sky.A blind
146,40010189,his leg. A woman,his leg.A woman
147,40010189,headress,headdress
148,40010189,"panties, white. On the","panties, white.On the"
149,40010189,colourful mob. With her,colourful mob.With her
150,40028199,aplogies,apologies
151,40028199,on,in
152,40028199,wednesday,Wednesday
153,39939569,the story. When the,the story.When the
154,39939569,him before. When the,him before.When the
155,39939569,one had saw,one saw
156,39939569,him before. When the,him before.When the
157,39939569,see,seen
158,39939569,him before. When the,him before.When the
159,40063365,active,action
160,39771439,Sainetry,Sanitary
161,39857496,Also,"Also,"
162,40078166,"your product , required","your product, required"
163,40078166,validity ( as given,validity (as given
164,40078166,attached quotation ) . Hope you,attached quotation).Hope you
165,39850009,beginning,"beginning,"
166,39711033,of time,of the time
167,39701764,romantic,"romantic,"
168,39701764,experienced,"experienced,"
169,39955324,for,of
170,39918340,In,At
171,39918340,these earderly person just,these elderly people just
172,39918340,think,thing
173,39918340,"in common... ""Son, you","in common...""Son, you"
174,39918340,"and energy"". None of","and energy"".None of"
175,39918340,background,"background,"
176,39918340,young age. To them they,"young age.To them, they"
177,39918340,they knew being young,"they knew, was young"
178,39777936,i,I
179,39957170,Accounting audits Taxation Income Tax,Accounting auditsTaxationIncome Tax
180,39957170,Tax Consultancy GST Consultancy Income Tax,Tax ConsultancyGST ConsultancyIncome Tax
181,39957170,Return Filing GST Return,Return FilingGST Return
182,39957170,Return Filing TDS Return,Return FilingTDS Return
183,39957170,Return Filing Accounts Preperation Management accounting Financial and,Return FilingAccounts preparationManagement accountingFinancial and
184,39792146,delivery,"delivery,"
185,39800860,for,from
186,39916013,know,knows
187,39880358,"use idioms? Used correctly,","use idioms?Used correctly,"
188,39744650,the interactant into the,the interaction in the
189,39668337,for practical,for the practical
190,39800760,oversimplfied,oversimplified
191,39800760,genralization.,generalization.
192,39800760,yes,"yes,"
193,39800760,youtube,YouTube
194,39815902,vent,vented
195,40002241,"and colleagues, After more","and colleagues,After more"
196,40002241,adieu today! It’s been,adieu today!It’s been
197,40002241,camaraderie,"camaraderie,"
198,40002241,to come. I loved,to come.I loved
199,40002241,struggle was always,struggle had been always
200,40002241,party plans!! I will,party plans!!I will
201,40002241,these memories. As I,these memories.As I
202,40002241,phone +91-9899279390. We can,phone +91-9899279390.We can
203,40002241,- @Iamvishalggrwl. I wish,- @Iamvishalggrwl.I wish
204,40002241,the Best. Thank you,the Best.Thank you
205,39758375,minutes.,minute.
206,39758375,won't,wouldn't
207,39758375,"rubgy?""","rugby?"""
208,39758375,"Then, swarm","Then, a swarm"
209,39734831,studying,study
210,39734831,Centre at saturdays and,Centre on Saturdays and
211,39999033,of,with
212,39718995,i,I
213,39718995,priorities.,priority.
214,39718995,mind,"mind,"
215,39718995,me,"me,"
216,39718995,Im,I'm
217,40071724,face.,faced.
218,40071724,potentials.,potential.
219,39878702,number was not ask,number wasn't asked
220,39903168,i,I
221,39903168,do,does
222,39921654,mature,nature
223,39921654,in form,in the form
224,39700806,it,"it,"
225,39700806,panick,panic
226,39700806,sweating.,sweat.
227,39700806,whispering,whisper
228,39700806,Thankfully,"Thankfully,"
229,39700806,want,wants
230,39700806,"us. So , me","us. So, me"
231,39797162,stops,stop
232,39797162,posible.,possible.
233,39919898,it's,It's
234,39919898,keep,keeping
235,39919898,entertained,"entertained,"
236,39919898,feel sustain Smile on,feel sustainSmile on
237,39919898,on,in
238,39935854,I will make my,I made my
239,39935854,who,whom
240,39840873,"being banned? So, I’m","being banned?So, I’m"
241,39840873,before,"before,"
242,39840873,a few. On the,a few.On the
243,39950936,your,Your
244,40070485,if pandemic,if the pandemic
245,40070485,failed,fail
246,39741192,before,"before,"
247,39705819,economy,economic
248,39705819,the,The
249,39705819,Underground,"Underground,"
250,39665338,Bank-albilad,Bank-upload
251,39665338,it,It
252,39665338,i,I
253,39665338,of,for
254,39665338,i,I
255,39665338,mestake,mistake
256,39912788,the Cashier. A completed,the Cashier.A completed
257,39912788,mail folder. I left,mail folder.I left
258,39912788,para-professionals,"para-professionals,"
259,39949968,they are understanding the,they understand the
260,39971018,faced,face
261,39971018,haram,harm
262,39971018,in markets!,in the markets!
263,39807655,by,with
264,39807655,Thus,"Thus,"
265,39737449,competition,"competition,"
266,39854376,by EOD. did you,by EOD.Did you
267,39893706,to,of
268,39985435,Systems,Systems'
269,39916106,"Victor,I need","Victor, I need"
270,39916106,informations,information
271,39916106,this project:plan of,this project: plan of
272,39916106,zephir,Zephir
273,39916106,"batteryPar advance , thankBest","batteryPar advance, thankBest"
274,40066207,unconsciously.,unconscious.
275,40066207,"central, construction","central, the construction"
276,40066207,by,in
277,39844319,sir,"sir,"
278,39816015,qurentine,quarantine
279,39964780,buat,both
280,39964780,living,live
281,39965560,whether,Whether
282,39989864,stress-free environment. Mission To help,stress-free environment.MissionTo help
283,39989864,healtier,heater
284,39989864,eco,Eco
285,39808099,moment,"moment,"
286,40061638,have,Have
287,40061638,saw,seen
288,40061638,her lately ?,her lately?
289,39912800,teatchers,teachers
290,39912800,is,being
291,39912800,to think : “it’s,to think: “it’s
292,39912800,are,is
293,39912800,impossbiel,impossible
294,39912800,not,"not,"
295,39912800,dominate,"dominate,"
296,39912800,Today,"Today,"
297,39912800,talk,talks
298,39912800,"Thunberg, new","Thunberg, the new"
299,39912800,Swedish activist : “We,Swedish activist: “We
300,40013843,was of resurrection,was about the resurrection
301,40051638,entitle,entitled
302,39765096,sports,"sports,"
303,39765096,surlf,self
304,39765096,since,"since,"
305,39760712,i've,I've
306,40051654,about management,about the management
307,40051654,achieve.,achieves.
308,39991465,is,are
309,39991465,stage,stages
310,39953760,me,me?
311,39942105,"10:00 A.M(i.e., Tomorrow)","10:00 A.M (i.e., Tomorrow)"
312,39768782,"however,","However,"
313,39750038,devis,devises
314,40073661,instructor,"instructor,"
315,39848653,ramm,ram
316,39730519,you today! We had,you today!We had
317,39730519,up,"up,"
318,39730519,wi-fi.,Wi-fi.
319,39805838,provide update,provide an update
320,39938355,is,are
321,39938355,lessons,lesson
322,39806654,help,helps
323,39806654,and improve. I'm only,and improve.I'm only
324,39806654,i'm,I'm
325,39806654,relieved,relieve
326,39972850,campaign,"campaign,"
327,39972850,Covid-19. Situation and,Covid-19. The situation and
328,39972850,is,are
329,39972850,context,"context,"
330,39790517,owner,own
331,39984346,selecting,Selecting
332,39665119,mother do? She is,mother do?She is
333,39665119,take,takes
334,39938583,characterization,"characterization,"
335,39898319,freetalk,fractal
336,39898319,yet next,yet the next
337,39898319,tiem,time
338,39676117,tournamnet,tournament
339,39761072,complete bonus. I got,complete bonus.I got
340,39761072,for me. That shirt,for me.That shirt
341,39988987,did.,dead.
342,39988987,u,you
343,39988987,as me. Because followers,as me.Because followers
344,39910538,got,gotten
345,39808192,personal,person
346,39808192,by authorities’ ruling.,by the authority’s ruling.
347,39808192,rules,"rules,"
348,39808192,metroplitan,metropolitan
349,39808192,allow,allowing
350,39808192,more,most
351,39808192,is aplicated monday to,is replicated Monday to
352,39808192,friday,Friday
353,40037954,rebank,Reuben
354,40030795,Com.,COM.
355,39709898,complete work,complete the work
356,39863074,"reason to. "" Do","reason to."" Do"
357,39863074,crocker?,Crocker?
358,39863074,woman,women
359,39863074,"with now?"" Nathan just","with now?""Nathan just"
360,39793510,gain,gaining
361,40072329,nights,night's
362,39806939,her,she
363,39806939,came,come
364,39806939,end long,end a long
365,39865325,Our,Ours
366,39865325,teatcher,teachers
367,39865325,developpe,develop
368,39865325,knowlege,knowledge
369,39849832,tormenta,torments
370,39923761,by,of
371,39711411,we didnt had internet,we didn't have internet
372,39775571,one,One
373,39775571,a friends. first he,"a friend. First, he"
374,39775571,monkey,Monkey
375,39775571,like me.next he,like me. Next he
376,39775571,"rabbit, frog,fox and","rabbit, frog, fox and"
377,39775571,all,All
378,39775571,reply,"reply,"
379,39775571,the,The
380,39775571,get,gets
381,39789689,An-Nur,A-Nur
382,39679465,product la belling and,product labelling and
383,39976249,about latest,about the latest
384,39976249,live,leave
385,39743096,"Hi Team, We would","Hi Team,We would"
386,39743096,proceed further. As we,proceed further.As we
387,39743096,NSX end. Let us,NSX end.Let us
388,39743096,further helps on this,further help with this
389,39769092,an,a
390,39863809,were,was
391,39705319,dit. Revient cendrillon,dit. Event Cendrillon
392,39907444,retail industry: It is,retail industry:It is
393,39907444,be Pre-COVID,be a Pre-COVID
394,39907444,in business. Many of,in business.Many of
395,39907444,novel corona virus COVID-19.,novel coronavirus COVID-19.
396,39991314,beacuse,because
397,39991314,strage,strong
398,39991314,coulp,coup
399,40059173,unica,"unique,"
400,39796701,this,these
401,39825754,"have offered."" This is","have offered.""This is"
402,39825754,story,"story,"
403,39825754,protagonists (players) The Notebook,protagonists (players)The Notebook
404,39825754,was she. Noah wrote,was she.Noah wrote
405,39825754,he died. In the,he died.In the
406,39825754,a moment. The soul,a moment.The soul
407,39662590,Your the,You are the
408,39662590,person,people
409,39752920,in,on
410,39673484,HID interfaces: • Interface,HID interface:• Interface
411,39673484,pc.,PC.
412,39673484,pc,PC
413,39673484,pc.,PC.
414,39673484,send specific,send a specific
415,39673484,specific short cut to,specific shortcut to
416,39673484,ack,ask
417,39666992,please,Please
418,40049363,ressources,resources
419,40008553,me,"me,"
420,40008553,is,are
421,39775477,task,"task,"
422,40063049,nurses/preceptor.,nurse/preceptor.
423,39796950,Gatsby has contrasts,Gatsby contrasts
424,39796950,is,are
425,39796950,know.,knows.
426,39796950,says,say
427,39796950,says,say
428,39796950,understand,understands
429,39700154,ofter,after
430,39780514,jobs,job
431,39832397,provide verif- ication by,provide brief- occasion by
432,39803714,Hi,"Hi,"
433,39803714,on,of
434,39803714,learning. The clear exectations and,learning. Clearer expectations and
435,39803714,detailed informationon what,detailed information on what
436,39803714,her alot easier.,her a lot easier.
437,39803714,parents/gurdians?,parents/guardians?
438,39803714,improvment,improvement
439,39803714,shes,she's
440,39803714,the tutoring) . She,the tutoring). She
441,39803714,dosent,doesn't
442,39776979,deliver,delivers
443,39833831,enough,"enough,"
444,39741293,function,functions
445,39741293,call OneDrive and,call One Drive and
446,39741293,For,In
447,39741293,move Personal folder on,move personal folders on
448,39741293,on P,on the P
449,39741293,your OneDrive folder.,your One Drive folder.
450,39925341,"platform,","platforms,"
451,39925341,for,in
452,39925341,cases,"cases,"
453,39925341,that,"that,"
454,39925341,quickly,"quickly,"
455,39699604,second,"second,"
456,39699604,nightmare,nightmares
457,39791380,are creepy! Now I,are creepy!Now I
458,39775553,"Maam,","man,"
459,39775553,dont,don't
460,39775553,friday.,Friday.
461,39756033,achieving company's,achieving the company's
462,39756033,focus,focused
463,40062311,chad,had
464,40062311,sam,some
465,39694111,"Hi Prashant, I would","Hi Prashant,I would"
466,39694111,"mentioned below: 1) Wteam, the","mentioned below:1) W team, the"
467,39694111,renew that? 2) I,renew that?2) I
468,39694111,anything else? 3) Two,anything else?3) Two
469,39694111,"Budhiraja: ""pankaj@alkemivp.com"". 4) One","Budhiraja: ""pankaj@alkemivp.com"".4) One"
470,39694111,"the symbols. Please, let","the symbols.Please, let"
471,39694111,"in anticipation. Kind Regards,","in anticipation.Kind Regards,"
472,40075230,to,in
473,39678603,"two daughters. Mr Afzal,","two daughters.Mr Afzal,"
474,40027490,it’s,its
475,40054240,to day. Here are,to day.Here are
476,39843426,education,"education,"
477,39983907,and,And
478,39983907,"to media,","to the media,"
479,39983907,educated. haha .. lol,educated. Ha-ha.. lol
480,39790463,substance products. The abovementioned legal,substance products.The above mentioned legal
481,39845923,devide,divide
482,39845923,of vacation? 2) Why,of vacation?2) Why
483,39845923,and vacation? 3) When,and vacation?3) When
484,39845923,overall fatigue? 4) When,overall fatigue?4) When
485,39845923,"problems, hustle","problems, the hustle"
486,39845923,everyday life? 5) How,everyday life?5) How
487,39845923,in Russia? 6) What,in Russia?6) What
488,39845923,human mind? 7) When,human mind?7) When
489,39845923,on vacation? 8) How,on vacation?8) How
490,39845923,on vacation? 9) Which,on vacation?9) Which
491,39845923,muscles strong? 10) Which,muscles strong?10) Which
492,39845923,choose,chooses
493,39845923,with children ? And,with children? And
494,39845923,And why? 11) What,And why?11) What
495,39845923,older persons? 12) What,older persons?12) What
496,39845923,is great,is a great
497,39845923,whole body? 13) Is,whole body?13) Is
498,39845923,recovery,recovered
499,39845923,having vacations? 15) Which,having vacations?15) Which
500,40018474,information,"information,"
501,39748822,well i'm in,"Well, I'm in"
502,39868346,Cours,courses
503,39773352,what's,what
504,39773352,do,"do,"
505,39773352,charger is behind,charger has been behind
506,39773352,"on front,","on the front,"
507,39773352,most important. He know his,most important.He knows his
508,39962630,offering blockchain technology,offering block chain technology
509,39962630,transcripts,transcript
510,39962630,brand protection...etc.,brand protection... etc..
511,39663298,on,of
512,39663298,on,of
513,39663298,Everything was running well,Everything has run well
514,39663298,since beginning.,since the beginning.
515,39663298,and,And
516,39781983,the,The
517,39952731,He not eams much,He didn't email much
518,39699848,pain,pains
519,39699848,"that easy. I guess,","that easy.I guess,"
520,39672438,agreement,"agreement,"
521,39672438,this week. I will,this week.I will
522,39906133,Electronics: Integrals and,Electronics:Integrals and
523,39906133,RMS Signals Background The average,RMS SignalsBackgroundThe average
524,39906133,function f(x) is,function f (x) is
525,39906133,like this: Then using,"like this:Then, using"
526,39906133,so integrating from,so have integrated from
527,39906133,the function.) If the,the function.)If the
528,39906133,words,"words,"
529,39906133,one cycle. The RMS,one cycle.The RMS
530,39664776,in,at
531,39799103,a Holidaymaker!!! Attempt to,a Holidaymaker!!!Attempt to
532,39799103,whole world. We are,whole world.We are
533,39799103,International Law! AIISEIA-LLC wishes,International Law!AIISEIA-LLC wishes
534,39799103,your study. Interested clients,your study.Interested clients
535,39944170,how,How
536,39689269,Hi Kathelean K: Hello,Hi KatheleanK: Hello
537,39689269,Hello Richard! R: How,Hello Richard!R: How
538,39689269,are you? K: I’m,are you?K: I’m
539,39689269,very worried R: Why,very worriedR: Why
540,39689269,worried Kathelean? K: It’s,worried Kathelean?K: It’s
541,39689269,give him. R: If,give him.R: If
542,39689269,some roses? K: My,some roses?K: My
543,39689269,and chocolates. R: Or,and chocolates.R: Or
544,39689269,some cosmetic? K: My,some cosmetic?K: My
545,39689269,many cosmetics. R: I,many cosmetics.R: I
546,39689269,of ideas. K: Wait!,of ideas.K: Wait!
547,39689269,a wallet? R: It’s,a wallet?R: It’s
548,39689269,good idea! K: It’s,good idea!K: It’s
549,39689269,went later .,went later.
550,39786498,The class ... a,The class... a
551,39860849,module HelpDesk : - Deux,module Help Desk:- Deux
552,39860849,des demandes. - Gestion,des demandes.- Gestion
553,39860849,Naval group. - Possibilités,Naval group.- Possibilités
554,39860849,Possibilités d'automatisation : Evenements déclencheurs : - New,Possibilités d'automatisation: Evens déclencheurs:- New
555,39860849,from customer - New,from customer- New
556,39860849,from agent - New,from agent- New
557,39860849,from customer - New,from customer- New
558,39860849,from agent - Ticket,from agent- Ticket
559,39860849,another agent - Recurring,another agent- Recurring
560,39860849,Recurring Task - Order,Recurring Task- Order
561,39860849,status changed Conditions : - Customer,status changedConditions:- Customer
562,39860849,Customer group - Ticket,Customer group- Ticket
563,39860849,Ticket status - Ticket,Ticket status- Ticket
564,39860849,Ticket priority - Ticket,Ticket priority- Ticket
565,39860849,Ticket department - Rating - Total,Ticket department- Rating- Total
566,39860849,Total messages - Total,Total messages- Total
567,39860849,agents' messages - Total,agents' messages- Total
568,39860849,customer's messages - Last,customer's messages- Last
569,39860849,hours ago - Last,hours ago- Last
570,39860849,replied by - Ticket,replied by- Ticket
571,39860849,Ticket Tag Actions : - Send,Ticket TagActions:- Send
572,39860849,to Customer - Send,to Customer- Send
573,39860849,to Agent - Change,to Agent- Change
574,39860849,status to - Change,status to- Change
575,39860849,priority to - Assign,priority to- Assign
576,39860849,ticket to - Change,ticket to- Change
577,39860849,department to - Add,department too- Add
578,39860849,Add tag - Display,Add a tag- Display
579,39790284,"Eng. Ashraf, Ref. to","Eng. Ashraf,Ref. to"
580,39747869,"Hello Marta, Okay, have","Hello Marta,Okay, have"
581,39747869,thru,through
582,39713795,to knowed their.,to know them.
583,40051950,side,"side,"
584,39971722,geotechnical,Geotechnical
585,39971722,d'investigations.,investigations.
586,39971722,as follow: • Land,as follows:• Land
587,39971722,o,O
588,39971722,o,or
589,39881650,and weatherstations from,and weather stations from
590,39881650,road,"road,"
591,39881650,"towards NE,","towards the NE,"
592,39881172,week is my,week will be my
593,40027607,(Table 3). In the,(Table 3).In the
594,40027607,observed (*p0.05) (Fig.,observed (*p0. 05) (Fig.
595,40027607,Table 3). Inflammatory parameters.,Table 3).Inflammatory parameters.
596,40027607,IG (*p0.05) (Fig.,IG (*p0. 05) (Fig.
597,40028108,and,And
598,39793561,in,In
599,39975754,me,"me,"
600,39775592,philoshophy,philosophy
601,39979184,tire company. By considering,tire company.By considering
602,39691795,clearly.,clear.
603,39772216,"Welcome Salam Dear Sir,","Welcome SalamDear Sir,"
604,39772216,you to make,you make
605,39764627,like listen,like to listen
606,39764627,don’t understand. I prefer,don’t understand.I prefer
607,39764627,in English. I don't,in English.I don't
608,39764627,in English. I want,in English.I want
609,39764627,to teach. I’m not,to teach.I’m not
610,39764627,is 100%. I sometimes,is 100%.I sometimes
611,39764627,web pages I often,web pagesI often
612,39662530,our environment. In the,our environment.In the
613,39662530,dispute,"dispute,"
614,39662530,in,on
615,39662530,hand,"hand,"
616,39662530,general wellbeing instead,general well being instead
617,39737762,apearence.,appearance.
618,39737762,thought,Thought
619,39737762,it away? The mirror,it away?The mirror
620,39737762,perfectly,perfect
621,39737762,saved,shoved
622,39737762,beatiful,beautiful
623,39737762,gina,Gina
624,40068463,"classes,","class,"
625,40068463,"learn,","learned,"
626,40068463,encounter,encountered
627,40069954,encourage,encourages
628,39671960,Support Office. We have,Support Office.We have
629,39671960,box,"box,"
630,39671960,the other. Dimensions: 34x20x14,the other.Dimensions: 34x20x14
631,39671960,& 26x16x26 Weight: 1.25,& 26x16x26Weight: 1.25
632,39666090,class,class?
633,39759102,hours,hour
634,39703162,to,in
635,39703162,in,at
636,39817614,sings beautifully. She is,sings beautifully.She is
637,39689300,unacceptably.,unacceptable.
638,40071718,the DPR. It has,the DPR.It has
639,40071718,store insights. But the,store insights.But the
640,40071718,present,"present,"
641,40071718,this place. All in,this place.All in
642,40071718,"charming atmosphere.Overall, Donetsk","charming atmosphere. Overall, Donetsk"
643,39723942,fun,"fun,"
644,39923811,previous convesations .,previous conversations.
645,39674316,going forward. Thank you,going forward.Thank you
646,39848202,lane,lawn
647,40079482,study in harvard the,study at Harvard the
648,39958045,listening,listened
649,39885339,that is serve as,that serves as
650,39667721,Corretta.,Crete.
651,39701681,pianica,panic
652,39720603,were,was
653,39850947,take-out,takeout
654,39850947,there,their
655,39850947,customers,"customers,"
656,39850947,or quality,or the quality
657,39850947,permanent,permanently
658,40005253,of real,of the real
659,39872111,contemporain,contemporaneous
660,39872111,"paintings, sculptures... This is","paintings, sculptures...This is"
661,39872111,big toure on her,big tour of her
662,39872111,her center . Il is,her center. IL is
663,39872111,"is a Incrayable monuments , i recommend","is an incredible monument, I recommend"
664,39858433,i,I
665,39858566,is short,is a short
666,39858566,of short,of the short
667,39858566,have,has
668,39858566,film. Story about,film. A story about
669,39858566,she have fiancé . The,she has fiancé. The
670,39858566,her,she
671,40039503,veterinaria,veterinary
672,39894511,For,In
673,40001211,in,on
674,40001211,Mechthild Gläser. When she,Mechthild Gläser.When she
675,40001211,to occur. This book,to occur.This book
676,40001211,complex,"complex,"
677,40001211,good book! To sum,good book!To sum
678,39999763,signs,sign
679,39683152,of school. We prefer,of school.We prefer
680,39683152,red ones. Kate isn't,red ones.Kate isn't
681,39683152,about it. There're in,about it.There're in
682,39683152,have lunch. Ben doesn't,have lunch.Ben doesn't
683,39683152,to do. I'm thinking,to do.I'm thinking
684,39957017,healthy life style. From,healthy lifestyle. From
685,39957017,give,gives
686,39957017,"healthy life style, physical","healthy lifestyle, physical"
687,39767103,maths homework I need,maths homeworkI need
688,39767103,"a/some water I’m sorry,","a/some waterI’m sorry,"
689,39767103,some/any,any/any
690,39767103,ham pizza There isn’t,ham pizzaThere isn’t
691,39767103,meat left There are,meat leftThere are
692,39730159,gradtitude.,gratitude.
693,39836263,order status. I'm sorry,order status.I'm sorry
694,39836263,Friday,"Friday,"
695,39890789,"Maharbal aside. ""Herdonia will","Maharbal aside.""Harden will"
696,39890789,"their treason. ""Even if","their treason.""Even if"
697,39881208,clearly,clear
698,39942831,Thanks Octavio! I also,Thanks Octavio!I also
699,39942831,in BENL. Please find,in BENL.Please find
700,39942831,"this call. As presented,","this call.As presented,"
701,39942831,26 implementation. This planning,26 implementation.This planning
702,39942831,for,of
703,39942831,project status. I will,project status.I will
704,39942831,"this invit. Regards, David","this invite.Regards,David"
705,40002441,often I'm forcing myself,often I've forced myself
706,39792483,last long. So that,last long.So that
707,39792483,expand faster. So that the,expand faster.So that's the
708,39792483,35 °C. So that,35 °C.So that
709,39846888,are,is
710,39846888,considering to cut out,considering cutting out
711,39846888,since coup.,since the coup.
712,39881852,decrease poverty,decrease the poverty
713,40081247,to job,to the job
714,40081247,"job (ID:JOB-ODCNEC), enjoy","job (ID: JOB-ODCNEC), enjoy"
715,39820927,is,are
716,39749713,like dirt. As a,like dirt.As a
717,40005010,"pearl, i really","Pearl, I really"
718,40005010,to more sinceraly appoigise and,to most sincerely apologize and
719,40005010,i,I
720,40005010,truely,truly
721,40005010,i,I
722,40005010,definately,definitely
723,40005010,im,I'm
724,40005010,i,I
725,40005010,i,I
726,40005010,know better. you were,know better.You were
727,40005010,happen,"happen,"
728,40005010,i,I
729,40005010,persistantly,persistently
730,40005010,i,I
731,40005010,is embarrising im sorry,"is embarrassing, I'm sorry"
732,40005010,i,I
733,40005010,consciquences,consequences
734,40005010,i,I
735,40005010,unacceptable. this admitance should,unacceptable. This admittance should
736,40005010,me,"me,"
737,40005010,i,I
738,40005010,behavour,behavior
739,40005010,others uncomftable. if there,others uncomfortable. If there
740,39929296,this commission .,this commission.
741,40073140,require.,required.
742,39884007,.In a,. In a
743,39884007,"the world; Changed values,","the world;Changed values,"
744,39884007,new wires; But what,new wires;But what
745,39884007,so different? Is it,so different?Is it
746,39884007,communication system? Communication system!,communication system?Communication system!
747,39884007,is different. Is that,is different.Is that
748,39884007,nobody admires? Dos are,nobody admires?DOS are
749,39884007,don’ts,Don’ts
750,39884007,are won’ts; Fonts and,are wanted;Fonts and
751,39884007,in blunts. From globalism,in blunts.From globalism
752,39884007,to twerking; Easy for,to twerking;Easy for
753,39884007,"for others; Such bothers,","for others;Such bothers,"
754,39884007,be working. The friendly,be working.The friendly
755,39884007,danger lurking; As a,danger lurking;As a
756,39884007,"sits observing; But friendly,","sits observing;But friendly,"
757,39884007,trendy knot; Opinions of,trendy knot;Opinions of
758,39808594,my,My
759,39808594,is teacher.,is a teacher.
760,40007301,Delhi by Trivandrum Express.,Delhi byTrivandrum Express.
761,40007301,we reached Delhi at,we reachedDelhi at
762,39983322,unobtrusively,"unobtrusively,"
763,39983322,corporate,"corporate,"
764,39780069,get,Get
765,39780069,bahasa,Bahasa
766,40065837,welcomed,welcome
767,39776667,very,Very
768,40059684,reiterating it. On the,reiterating it.On the
769,40059684,paleo-environmental,pale-environmental
770,40059684,"south-east,","southeast,"
771,40059684,lake basins. These fatal,lake basins.These fatal
772,40059684,not,didn't
773,40059684,affected,affect
774,40059684,communities,"communities,"
775,40059684,Harrat.,heart.
776,40059684,in,on
777,40059684,sector analysed -,sector analysed-
778,40003203,used,use
779,39734148,in Oye,in the Oye
780,40008562,Everyday they,Every day they
781,40008562,comes,come
782,40047353,we,We
783,39805931,the,The
784,39805931,compagny,company
785,39677666,intelligence,"intelligence,"
786,39677666,friend,"friend,"
787,39677666,real institution. So we,real institution.So we
788,39677666,Group,"Group,"
789,39677666,us commercial,us the commercial
790,39971585,the manager Actually when,"the managerActually, when"
791,39971585,closed,"closed,"
792,39971585,a LUP. It's an,a LUP.It's an
793,39971585,activity,active
794,39971585,sendt,sent
795,39971585,control manager. Once the,control manager.Once the
796,39971585,lup,loop
797,39971585,their,there
798,39971585,sendt,sent
799,39971585,be traited. We would,be treated.We would
800,39971585,the lup receive this,the loop receives this
801,39941753,applicate,replicate
802,39915530,delivery certificates Vehicle warranties Preparation of,delivery certificatesVehicle warrantiesPreparation of
803,39915530,of quotes Payroll support Complete assigned,of quotesPayroll supportComplete assigned
804,39680876,persistece,persistence
805,39680876,books,book
806,39737508,are,is
807,39838917,ideas,"ideas,"
808,39838917,can put: One of,can put:One of
809,39838917,sells,sell
810,40019886,a,an
811,40082875,pnu,pine
812,40082875,scholarship.,scholarships.
813,39834856,for first,for the first
814,39834856,entretain,entertain
815,39839448,help,helping
816,39839448,has,have
817,39719428,has he;?. a) has he;,has he;?.a) Has he;
818,39719428,didn’t he; b) hasn’t he;,didn’t he;b) Hasn’t he;
819,39790621,THEORETICAL PERSPECTIVE CORPARATE RESPONSIBILITY,THEORETICAL PERSPECTIVECORPARATE RESPONSIBILITY
820,39790621,GAMBLING SECTOR National Gambling,GAMBLING SECTORNational Gambling
821,40074696,"I'm sorry sir , but","I'm sorry, sir, but"
822,40074696,Provisioning QAs. If team,Provisioning QAs.If team
823,40074696,equally,"equally,"
824,39880172,jm,game
825,39880172,of,about
826,39686278,a question. What is,a question.What is
827,39686278,"promo codes? I mean,","promo codes?I mean,"
828,39686278,sum,"sum,"
829,40057580,"tablets.  Thank you,","tablets. Thank you,"
830,39880865,for,to
831,39880865,informations,information
832,39880865,some organism . I,some organism. I
833,40032123,to,for
834,40032123,fot,for
835,39825551,other,another
836,40079150,13th,"13th,"
837,40079150,was for first,was about the first
838,40079150,know solutions,know the solutions
839,40079150,Rheamatoid,rheumatoid
840,40079150,gave. Best part,gave. The best part
841,40079150,having positive,having a positive
842,40079150,That's best,That's the best
843,40079150,weak pointsin my,weak points in my
844,40079150,81 kgs.Now when,81 kgs. Now when
845,40079150,in,on
846,40079150,saying “sao sunar ki,saying “so summer ki
847,40079150,life forever.Thank you,life forever. Thank you
848,40067461,studies,studying
849,39866049,"Mrs Atkinson, Thank you","Mrs Atkinson,Thank you"
850,39866049,been caused. If my,been caused.If my
851,39955820,Do,Does
852,39764874,few,fewer
853,39985466,never to finish,never finish
854,39879686,at,on
855,39935133,such,"such,"
856,39882879,look,looking
857,39891172,ALICEs. Huya Super,ALICEs. The Hiya Super
858,39924792,in,with
859,40062535,the future Dwelled on,the futureDwelled on
860,40062535,the past Fear of,the pastFear of
861,40062535,the mind Of a,the mindOf a
862,40062535,perfect life Letting the,perfect lifeLetting the
863,40062535,our eyes Little did,our eyesLittle did
864,40062535,we know It’s the,we knowIt’s the
865,40062535,the present What’a made,the presentWhat made
866,40062535,to be The most,to be?The most
867,40007151,skilles,skills
868,39879913,so sinse in,"So, since in"
869,39879913,economy,"economy,"
870,39845438,(Unpad),(unpaid)
871,39702900,for PO?,for the PO?
872,39750367,a,an
873,40019616,big,biggest
874,39767275,picture,pictures
875,39767275,the masterlist of,the master list of
876,40027745,is,"is,"
877,39872153,fuming,"fuming,"
878,39872153,"on her. "" Call","on her."" Call"
879,39872153,and avery good,and a very good
880,40045221,Unfortunatly,"Unfortunately,"
881,40045221,diferent,different
882,40045221,production teams.. Attending for,production teams..Attending for
883,40045221,your response.r..,your response. Are..
884,39982912,to,for
885,39695850,producg.,product.
886,39807555,makes,make
887,39907569,the globe Tune in,the globeTune in
888,39887561,for,in
889,39878780,05:00 pm). There were,05:00 pm).There were
890,39878780,renewal,"renewal,"
891,39878780,for igmsapi.wd.govt.nz and,for igmsapi. Wed. Govt. NZ and
892,39878780,and igmssitapi.intnp.wd.govt.nz.,and igmssitapi. Intnp. Wed. Govt. NZ.
893,39768394,Dont,Don't
894,39768394,back too,back to me too
895,39768394,too me to,too
896,39946785,you up? It was,you up?It was
897,39946785,heavity,heavily
898,39946785,nigth,night
899,39849031,rang,rung
900,40042036,their Home. If we,their Home.If we
901,40042036,the homes. When we,the homes.When we
902,40042036,teleprorted,tolerated
903,40042036,any issue. No issue,any issue.No issue
904,40042036,dragon Home. We have,dragon Home.We have
905,40042036,the level. Checked that,the level.Checked that
906,39706575,in,with
907,39706575,any query. With kind,any query.With kind
908,39706575,"kind regards, Shahadali K","kind regards,Shahadali K"
909,39879719,of success. Usually this,of success.Usually this
910,39880845,wear,wearing
911,39700756,out some thing she,out something she
912,39700756,become,becomes
913,39700756,something,anything
914,39700756,fact,"fact,"
915,39700756,for,to
916,39700756,assist,assisted
917,39700756,effective,effectively
918,39780467,stfu,Stfu
919,39929622,for,to
920,39929622,to participate. Insights of,to participate.The insights of
921,39929622,in,on
922,39929622,the problem. It gives,the problem.It gives
923,39929622,lowest level. People have,lowest level.People have
924,39929622,their concerns. Due to,their concerns.Due to
925,39929622,present,"present,"
926,39756200,grate,great
927,40043603,for next,for the next
928,40043603,"next day: -This evening,","next day:-This evening,"
929,40043603,the supermarket: I need,the supermarket:I need
930,40043603,orange juice. - For,orange juice.- For
931,39861975,person infront of,person in front of
932,39884204,may,May
933,39884204,as,As
934,39884204,i,I
935,39884204,years with out having,years without having
936,39884204,etc,etc.
937,39884204,etc,etc.
938,39884204,bless all ... pranaam,bless all... pranaam
939,39951674,for ATC,for the ATC
940,40082653,for Amro,for the Amro
941,39989841,IIn,In
942,39907910,Poorrn,Born
943,39907910,sexxy,sexier
944,39945386,Commitment,Committed
945,39707921,Contractor shall,The contractor shall
946,39707921,relevant drawings. Where trenching,relevant drawings.Where trenching
947,39707921,"and cables, CONTRACTOR shall","and cables,CONTRACTOR shall"
948,39983937,amazon.,Amazon.
949,39882540,population continue disadvantaged. People,population continues to disadvantage. People
950,39882540,school.,schools.
951,39979694,income/expenses,income/expense
952,40003879,and,And
953,39892986,policy havent developt as,policy hasn't developed as
954,39892986,difficuties,difficulties
955,39892986,countrie,countries
956,40051557,went,going?
957,40029218,"HK$2, 800.00. I have","HK$2, 800.00.I have"
958,40058777,"Hii, I'm extremely","Hi,I'm extremely"
959,40058777,opportunities,"opportunities,"
960,40058777,you know. Best of,you know.Best of
961,40058777,your future. Thank you.,your future.Thank you.
962,39753753,could be raise,could raise
963,39753753,awarness,awareness
964,39752009,surya's,Surya's
965,39752009,to,for
966,39752009,embrassment,embarrassing
967,39869123,my,May
968,39869123,holidays,holiday
969,39736248,an,An
970,39736248,his own ... and,his own... and
971,39736248,responsible,Responsible
972,39736248,they are do,they do
973,40058977,"a therapeutist,if you","a therapeutic, if you"
974,40058977,him,him?
975,39873631,"Mr. Casagrande, I sent","Mr. Casagrande,I sent"
976,39873631,google drive). P.S. This,google drive).P.S. This
977,39873631,it,"it,"
978,39669377,the Company. I will,the Company.I will
979,39929137,Hopeing,Hoping
980,39929137,met,meet
981,39844858,last time ...,last time...
982,39851793,study plan I don’t,study planI don’t
983,39851793,my university . But,my university. But
984,39851793,on web.,on the web.
985,39851793,for extension,for the extension
986,39851793,as follow :,as follows:
987,39726369,are you? My name,are you?My name
988,39726369,catalan,Catalan
989,39726369,i'm,I'm
990,39726369,28 december. On my,28 December.On my
991,39726369,i,I
992,39726369,i,I
993,39726369,"friends, travel,... I read","friends, travel,...I read"
994,39726369,"do gymnastic, i think","do gymnastics, I think"
995,39726369,practicing gymnastics? I also,practicing gymnastics?I also
996,39726369,i'm,I'm
997,39726369,anathomy.,anatomy.
998,39726369,serie,series
999,39726369,the moment? Two years,the moment?Two years
1000,39726369,i,I
1001,39726369,cruis,cruise
1002,39726369,i,I
1003,39726369,i,I
1004,39726369,specially,especially
1005,39726369,sab.,sub.
1006,39726369,i,I
1007,39726369,barcelona,Barcelona
1008,39726369,spanish,Spanish
1009,39726369,swedish,"Swedish,"
1010,39726369,i,I
1011,39726369,of,in
1012,39726369,i,I
1013,39726369,"speak catalan, spanish, english and","speak Catalan, Spanish, English and"
1014,39726369,french.,French.
1015,39818250,dessiminate,disseminate
1016,39818250,informations,information
1017,39920307,"TTM Membership. Thanks, Meeta","TTM Membership.Thanks, Meeta"
1018,40021522,tihis,this
1019,40021522,definetly,definitely
1020,39759044,use,user
1021,39846973,"Sir Joy, As per","Sir Joy,As per"
1022,39846973,"HIP line. Thanks, Chad","HIP line.Thanks,Chad"
1023,40079668,the brushes? The policy,the brushes?The policy
1024,39976106,failure,failing
1025,40021937,clarks,Clarks
1026,39805011,a,an
1027,40017669,themselves,"themselves,"
1028,40017669,thus,this
1029,40017669,make,done
1030,40017669,there,their
1031,39854869,or future,or the future
1032,39963938,important choose,important to choose
1033,39963938,the role. I think,the role.I think
1034,39963938,use it). These are,use it).These are
1035,39963938,this project. I think,this project.I think
1036,39991430,family,"family,"
1037,39991430,everyones,everyone
1038,39835995,"have television,","have the television,"
1039,39835995,"television, video cassettes, and","television, videocassettes, and"
1040,39835995,at home. This article,at home.This article
1041,39870931,Faled,Folds
1042,39870931,when collision,when the collision
1043,40058881,Libay,Libya
1044,40058881,sem.,sum.
1045,39815183,that orders number? Thank you,that order number?Thank you
1046,39729011,on,in
1047,39831221,"because,","Because,"
1048,39689249,"Hi Xiomara, It was","Hi Xiomara,It was"
1049,39689249,you,your
1050,39689249,personalized,personalize
1051,39754309,to,of
1052,39754309,Holy Spirit. SODOM GORMORAH,Holy Spirit.SODOM GORMORAH
1053,39754309,issues worse The Young,issues worseThe Young
1054,39754309,attacker,attack
1055,39882233,who,Who
1056,39882857,inside,in
1057,39788097,Mr. Jojan We shall,Mr. JojanWe shall
1058,39788097,document requested . Regards,document requested. Regards
1059,40029954,broker,"broker,"
1060,40029954,business,businesses
1061,40029954,and investor,and an investor
1062,40029954,as business,as a business
1063,40029954,and scammer,and a scammer
1064,40029954,through whatsapp. Kindly give,through WhatsApp.Kindly give
1065,40056098,"his eyes. ""Thank you,","his eyes.""Thank you,"
1066,40056098,"after all."" Then Sotirios","after all.""Then Sotirios"
1067,39804296,to,in
1068,39950742,a,an
1069,39944578,fiber,"fiber,"
1070,39983735,I was not comfortable,I didn't comfortable
1071,39983735,been,being
1072,39983735,i,I
1073,39983735,i,I
1074,39983735,getting works,getting the works
1075,39957175,heterochromia,Heterochromia
1076,39975378,Okay,"Okay,"
1077,39975378,looking,look
1078,39975378,yes,"yes,"
1079,39767095,are,Are
1080,40007436,in,to
1081,40007436,in UK,in the UK
1082,40007436,"Report 3055696 , KM","Report 3055696, KM"
1083,39706107,have unique,have a unique
1084,39699732,on,with
1085,39699732,it’s delicious. For seafood:,it’s delicious.For seafood:
1086,39699732,brother like ate fried,brother likes eating fried
1087,39699732,suid,"said,"
1088,39699732,ate,eating
1089,39699732,father,"father,"
1090,39699732,teapot,"teapot,"
1091,39699732,"person,","people,"
1092,39699732,ate,eat
1093,39787399,is,are
1094,40062945,to intern,to the intern
1095,39883942,i,I
1096,39718289,ocean. Everyday I,ocean. Every day I
1097,39933026,things,thing
1098,39933026,shaiva,save
1099,39933026,"creater,","creator,"
1100,39933026,vaishnava,Vaishnava
1101,39933026,creater..,creator..
1102,40014264,sucessfully,successfully
1103,39844452,Teacher asked,The teacher asked
1104,39708740,pacth,past
1105,39981821,earn,earns
1106,39729610,"Dear diary, I really","Dear diary,I really"
1107,39729610,were,where
1108,39729610,seaheaven,shaven
1109,39729610,found,find
1110,39729610,"yes,","Yes,"
1111,39729610,fast,"fast,"
1112,39729610,on details.,on the details.
1113,39729610,Mary,"Mary,"
1114,39729610,Francis,"Francis,"
1115,39729610,yet,"yet,"
1116,40028975,Good morning sir My husband,"Good morning, sirMy husband"
1117,40028975,is,was
1118,40028975,to Government,to the Government
1119,40028975,hospital yesterday . From morning,hospital yesterday. Of a morning
1120,40028975,for,of
1121,40028975,classes,"classes,"
1122,40080962,"proposal, HK$150,000 will","proposal, HK$150, 000 will"
1123,40071632,cure,cures
1124,40071632,from disease .,from disease.
1125,39954541,lose,lost
1126,39954541,statistisc,statistics
1127,40083145,To,Two
1128,40083145,"[Roberts-Islam, Brooke ,2020).","[Roberts-Islam, Brooke, 2020)."
1129,39793069,Examples : ATMs,Examples: ATMs
1130,39793069,"e-mail,","email,"
1131,39855645,pays,pay
1132,39839902,"looking for,for your","looking for, for your"
1133,39808242,electic,electric
1134,39808242,want,wants
1135,39808242,true,"true,"
1136,39808242,a,an
1137,40019192,is,Is
1138,40019192,i,I
1139,40019192,for limited,for a limited
1140,40019192,walid,valid
1141,40028184,person there.‬,person there. ‬
1142,39768193,of,in
1143,40055185,paycheck,"paycheck,"
1144,39754996,"intelligence, etc. The first","intelligence, etc.The first"
1145,39918031,Good morning. The width,Good morning.The width
1146,39918031,"within Std. However, even","within Std.However, even"
1147,39918031,guanranttee,guarantee
1148,39918031,on,of
1149,39703177,sd,SD
1150,39703177,roadside,"roadside,"
1151,39971352,peru,Peru
1152,39971352,on underthreat,on under threat?
1153,39782275,customers are preferring to,customers prefer to
1154,39782275,pandamy,pandemic
1155,39918801,Cable was,The cable was
1156,39918801,by mouse,by a mouse
1157,39918801,in main,in the main
1158,40042875,i'm,I'm
1159,40042875,UTR no.SBIN221109773162 against,UTR no. SBIN221109773162 against
1160,40042875,month,month's
1161,40042875,adjest,adjusted
1162,39851405,as,As
1163,39851405,2 cases : -,2 cases: -
1164,39851405,retraction,Retraction
1165,39851405,the,The
1166,39851405,risk,"risk,"
1167,39758021,Salut,Salute
1168,39758021,comment va tu ?,comment VA too?
1169,40069701,filipinos,Filipinos
1170,40069701,to,with
1171,40069701,to,of
1172,40069701,intetest,interest
1173,40069701,and surving times.,and serving time.
1174,39836990,giving sign,giving the sign
1175,39700798,us,"us,"
1176,39878632,birthday,"birthday,"
1177,39878632,soul,"soul,"
1178,39878632,happiness i m glad grateful,"happiness I am glad, grateful"
1179,39878632,i,I
1180,39703686,collected,collect
1181,39703686,We are feel,We feel
1182,39864721,existing,"existing,"
1183,39864721,of doorbell.,of a doorbell.
1184,40033391,expression (7). In expression,expression (7).In expression
1185,40033391,p resource. To simplify,p resource.To simplify
1186,39787735,with internet,with an internet
1187,39787735,connetion.,connection.
1188,39981036,situation becomes different,situation will become different
1189,39884636,your side. Love you,your side.Love you
1190,39840778,"last month,but we","last month, but we"
1191,39840642,however,"however,"
1192,39840642,in toxic,in a toxic
1193,39804273,are,is
1194,39804273,an comunicative purposes. Some,an communicative purpose. Some
1195,39804273,"that is ,the channel","that is, the channel"
1196,39804273,of communication.there is,of communication. there is
1197,39804273,dictincion,distinction
1198,39804273,lamguage.,language.
1199,39859299,pandemic have(cong) change(sp) completely,pandemic have (Cong) change (sp) completely
1200,39859299,teaching,taught
1201,39859299,several advantage(pl). As,several advantages (pl). As
1202,39859299,that allow(cong) to,that allow (Cong) to
1203,39859299,to (voc) better Correction: concentration and,to (voice) betterCorrection: Concentration and
1204,39859299,disturbed for(voc) the,disturbed for (voice) the
1205,39859299,better,Better
1206,39859299,my time( w.o) Correction:,my time (w.o) Correction:
1207,39859299,and,And
1208,39859299,better result(pl). On,better result (pl). On
1209,39859299,is +,is a +
1210,39859299,"example,","Example,"
1211,39859299,have always( w.o) a,have always (w.o) a
1212,40056459,Im,I'm
1213,39875315,wondered,wondering
1214,39784435,this,these
1215,39902728,"Hi, We got","Hi,We got"
1216,39902728,somes,some
1217,39902728,you’re,your
1218,39902728,RedOx prob : -,RedOx probe: -
1219,39902728,prob,probe
1220,39902728,is it ? Silver,is it? Silver
1221,39902728,Silver one ? -,Silver one? -
1222,39902728,frequence,frequencies
1223,39902728,calibrate it ?,calibrate it?
1224,39683151,liked,like
1225,39988134,of a(n) dendrites,of a (n) dendrites
1226,39920600,we,us
1227,39785758,I not,I am not
1228,39981990,Students,Students'
1229,39981990,students,students'
1230,40007130,that,"that,"
1231,40007130,is,also
1232,40007130,necessary also pay attention,necessary pays attention
1233,40007130,inhibits,inhibited
1234,39736625,"p.m,","p.m.,"
1235,39736625,of aforesaid,of the aforesaid
1236,39736625,were,where
1237,39817575,of,off
1238,39817575,neighbours,neighbor's
1239,40000812,In,At
1240,40000812,sea,"sea,"
1241,39663656,in,with
1242,39866597,"jill,","Jill,"
1243,39702028,"​ Tiffany , can","​Tiffany, can"
1244,39702028,you,your
1245,39702028,overdue classes?​,overdue classes? ​
1246,39918822,"Coatzacoalcos, Veracruz. In that","Coatzacoalcos, Veracruz.At that"
1247,39918822,primary school. On normal,primary school.On normal
1248,39918822,the evenings. I went,the evenings.I went
1249,39979736,Rosaura,Rosario
1250,39979736,this,This
1251,39979736,then,than
1252,39979736,ines,ones
1253,39979736,heven,having
1254,39979736,person,person's
1255,39758846,leave Afghanistan🥴,leave Afghanistan 🥴
1256,40034252,point,points
1257,39979269,to anyone. 1.2 Keep,to anyone.1.2 Keep
1258,39979269,room clean. 2. Improve,room clean.2. Improve
1259,39979269,it's loud. 3. Traveling,it's loud.3. Traveling
1260,39844163,so boring .,so boring.
1261,40050893,forward,forwarded
1262,40050893,"hanlding,","handling,"
1263,40050893,additionl,additional
1264,40050893,you accordingly. ​ We kindly,you accordingly.​We kindly
1265,40060427,teachers,teachers'
1266,39699844,august,August
1267,39699844,in 2009. When he,in 2009.When he
1268,40062186,for,of
1269,39915679,another,other
1270,39915679,very well. Edit,very well.Edit
1271,40001022,in Tarragona. I always,in Tarragona.I always
1272,40001022,to school. Then around,to school.Then around
1273,40001022,home,"home,"
1274,40001022,the laundry. In the,the laundry.In the
1275,40001022,Later,"Later,"
1276,40001022,home,"home,"
1277,40001022,I study for,I have studied for
1278,40001022,to sleep. I hope,to sleep.I hope
1279,40001022,wonderful day! Until next,wonderful day!Until next
1280,40043487,two,to
1281,40043487,of three. Same group,of three.The same group
1282,40043487,heterogenous,heterogeneous
1283,39682767,are,Are
1284,39832354,my neighbors My sister,my neighborsMy sister
1285,39832354,a child. My mom,a child.My mom
1286,39832354,contact lenses. We go,contact lenses.We go
1287,39832354,every year. My dad,every year.My dad
1288,39855374,EAEU-Serbia FTA The Armenian,EAEU-Serbia FTAThe Armenian
1289,39855374,and Serbia. 19 April,and Serbia.19 April
1290,39855374,2021 19:04 Share to,2021 19:04Share to
1291,39855374,to Facebook Share to Twitter Print Send mail YEREVAN –,to FacebookShare on TwitterPrintSend mailYEREVAN –
1292,39855374,and Serbia. Armenia thus,and Serbia.Armenia thus
1293,39855374,last ratification. The act,last ratification.The act
1294,39855374,with,by
1295,39814171,do,make
1296,39814171,(even,(Even
1297,39753804,Finally arrived..took more,Finally arrived.. took more
1298,39753804,to receive.even the,to receive. Even the
1299,39753804,(dont,(don't
1300,39753804,that price)but im happy,that price) but I'm happy
1301,39753804,.thank,.Thank
1302,39948210,are,Are
1303,39846274,"talking about. In short,","talking about.In short,"
1304,39846274,or absurd. This is,or absurd.This is
1305,39846274,has passed. When we,has passed.When we
1306,39846274,learning it. As we,learning it.As we
1307,39741408,A,An
1308,39663886,Bruno,"Bruno,"
1309,39751249,were,was
1310,39751249,are bunch,are a bunch
1311,39751249,there,their
1312,40077496,better,best
1313,40077496,"videocasts,","Videocasts,"
1314,40081633,to,in
1315,39751568,dancing,"dancing,"
1316,39751568,continue,continued
1317,39751568,dancing,"dancing,"
1318,39957807,girls to get,girls get
1319,39745685,cv,CV
1320,39745685,quite short. Today at,quite short.Today at
1321,39745685,"Oracle, salesforce /","Oracle, sales force /"
1322,39745685,smaller services. Now in,smaller services.Now in
1323,39745685,"also check"" Last week","also check""Last week"
1324,40049500,Preapared,Prepared
1325,39869816,are,is
1326,39883292,exercise machines? 4. What,exercise machines?4. What
1327,39791585,provide,provides
1328,39788241,sits,sitting
1329,39791455,marketing objectives: Objective area,marketing objectives:Objective area
1330,39791455,area Objectives Increasing the,area ObjectivesIncreasing the
1331,39791455,two years. Developing New,two years.Developing New
1332,39791455,mosquitos.,mosquitoes.
1333,39666599,are irfan lives,are Irfan leaves?
1334,40071055,"NPR 4,177,283. If we","NPR 4,177,283.If we"
1335,40071055,return amount. Please we,return amount.Please we
1336,39702630,by co education,by coeducation
1337,39805605,have,has
1338,40027544,he,He
1339,40027544,a best memories that,a better memory that
1340,40027544,to,into
1341,40027544,regret,regrets
1342,39808042,need microwave,need a microwave
1343,39701459,for swab,for a swab
1344,39701459,via SRS. Enclosed the,via SRS.Enclosed the
1345,39701459,kind attention. May Low,kind attention.May Low
1346,39815102,work,works
1347,39815102,at site,at the site
1348,39815102,commissioning work.No response,commissioning work. No response
1349,39815102,Honeywell end. So please,Honeywell end.So please
1350,39815102,this issues. Already commissioning,this issue.Already commissioning
1351,39737523,druggi!,druggie!
1352,39737523,rewinded!,rewind!
1353,39666838,ariba.,Ariba.
1354,39929424,for,to
1355,39928051,played,playing
1356,39928051,witer,winter
1357,39893566,at,At
1358,39893566,field,"field,"
1359,39893566,on monday. we will,on Monday. We will
1360,39893566,the eavening curvieuw dissapears. we will,the evening curfew disappears. We will
1361,39893566,happends,happened
1362,40082219,use.,used.
1363,39958090,after few,after a few
1364,39948208,have,had
1365,39948208,peiceof,peaceful
1366,39948208,printhead.,parenthood.
1367,39948208,youtube,YouTube
1368,39948208,search,searching
1369,39751967,already thinking,already been thinking
1370,39751967,on,about
1371,39751967,"BRussels,","Brussels,"
1372,39751967,now,know
1373,39751967,i,I
1374,39751967,talking about : the,talking about: the
1375,39751967,the sky. It is,the sky.It is
1376,39751967,"extraordinary place. However, you","extraordinary place.However, you"
1377,39751967,i,I
1378,39751967,on,in
1379,39751967,the air ? It is,the air?It is
1380,39751967,hookep,hookup
1381,39751967,that's way,that's the way
1382,39751967,whithout,without
1383,39751967,have fear,have a fear
1384,39751967,i,I
1385,39751967,of it ! Enjoy,of it! Enjoy
1386,39801980,evidence verification) For the,evidence verification)For the
1387,39801980,"£466,923.67 ( rest of","£466,923.67 (rest of"
1388,39801980,evidence verification) Please note,evidence verification)Please note
1389,39753231,by,with
1390,39724970,abroud,abroad
1391,39724970,enviroment.,environment.
1392,39984694,I coordinate,I will coordinate
1393,39984694,since tomorrow And our,since tomorrowAnd our
1394,39789143,of employee’s,of the employee’s
1395,39789143,"for OHC,","for the OHC,"
1396,40020748,my,My
1397,40020748,years old. she is,years old.She is
1398,40009081,some things.He has,some things. He has
1399,40009081,Erasmous,Erasmus
1400,40009081,"our highschool, Roldan","our high school, Roldan"
1401,40009081,have,had
1402,40009081,is halfheart and,is half heart and
1403,39663240,Monday Thusday Wednesday Thursday,MondayThursdayWednesdayThursday
1404,39927860,members,members'
1405,39907563,of proposition,of a proposition
1406,39907563,and execution. My academic,and execution.My academic
1407,40047292,of,about
1408,40041779,Test framework Among those,Test frameworkAmong those
1409,39676057,"Dear M.Plane, Due","Dear M. Plane, Due"
1410,39676057,warehouse unfortunately. For that,warehouse unfortunately.For that
1411,39676057,ca,can
1412,39676057,on,of
1413,39676057,payed amount. Awaiting for,payed amount.Awaiting for
1414,40037633,Appointment is,The appointment is
1415,40079616,paire,paired
1416,39893750,door,"door,"
1417,39810846,are,is
1418,39810846,apartment,apartments
1419,39810846,is best,is the best
1420,39810846,beacuse,because
1421,39689892,this questions won't,This question won't
1422,39689892,capacities,"capacities,"
1423,39811847,filippinos,Filipinos
1424,39811847,living,leaving
1425,39811847,"my inheritance"". He believes","my inheritance"".He believes"
1426,39811847,bears,bear
1427,39831337,"because,","Because,"
1428,39691757,i,I
1429,39691757,semitery?,cemetery?
1430,39959481,found,find
1431,39697792,nyax,nukes
1432,39915256,digital transformation. When we,digital transformation.When we
1433,39915256,of Internet,of the Internet
1434,39915256,the company.Digital transformation,the company. Digital transformation
1435,39916216,se,see
1436,39838709,in FMCG,in the FMCG
1437,39846345,upto,for
1438,39846345,highest,higher
1439,39846345,always have it. #IStandWithPantami #WeMove,always has it.#IStandWithPantami #WeMove
1440,39762103,"definition, curriculum","definition, the curriculum"
1441,39886004,setted,set
1442,39989228,sugars,sugar
1443,39980233,other majour european nations,other major European nations
1444,39980233,either,"either,"
1445,39707739,we,We
1446,40001683,to,for
1447,39869762,on,to
1448,39697494,"are everywhere , but","are everywhere, but"
1449,39736546,late.,later.
1450,40062175,on cobragolf.ca in,on cobra golf. CA in
1451,39798100,"inconvenient,","inconvenience,"
1452,39798100,on t!he ground,on it! He ground
1453,39798100,issu,issue
1454,39883688,issue,issue?
1455,39883688,work,"work,"
1456,39883688,"verification ( reindex data , compile ....) but","verification (index data, compile....) but"
1457,39883688,intervention,intervention?
1458,40081795,"Hi Maisy, Good to","Hi Maisy,Good to"
1459,40081795,saturday.,Saturday.
1460,40081795,saturdays.,Saturdays.
1461,40081795,you think! Later see,you think!Later see
1462,40081795,see you! Annie,see you!Annie
1463,39730984,the,The
1464,40067474,volumes were just,volumes have been just
1465,40067474,for,of
1466,39879240,I makeing a,I am making a
1467,39766288,so class,so the class
1468,40038360,the webtrader and,the web trader and
1469,39666935,dreaming,"dreaming,"
1470,40057382,above,"above,"
1471,40057382,Boleras,Boleros
1472,40057382,motoric,motors
1473,40057382,theorical,theoretical
1474,40074010,recipe,"recipe,"
1475,39934712,wall.,walls.
1476,39934712,strength,strengths
1477,40006864,during last,during the last
1478,40011392,"Dear Sir, Below high","Dear Sir,Below high"
1479,40069185,by T.Jeriel and,"by T. Jeriel, and"
1480,40069185,subjet,subject
1481,40069185,of T.Jereil will,of T. Grail will
1482,40069185,swiched,switched
1483,40069185,to T.Amie,to T. Amie
1484,39940647,"Dear Sir , This is","Dear Sir,This is"
1485,39940647,numbers,number
1486,39940647,"price list , 2021","price list, 2021"
1487,39940647,to,in
1488,39940647,RSM Sir . Hope,RSM Sir. Hope
1489,39940647,our customers . Also we,"our customers. Also, we"
1490,39940647,"colleagues .Still , we","colleagues .Still, we"
1491,39940647,Xerox copy . If,Xerox copy. If
1492,39940647,"requires more ,colleagues are","requires more, colleagues are"
1493,39940647,contact us .,contact us.
1494,39666822,as follows • I,as follows• I
1495,39666822,the polynomials) • Its,the polynomials)• Its
1496,39666822,HW resources. • WHDL,HW resources.• WHDL
1497,39666822,based Viterbi. Trace back,based Viterbi.Trace back
1498,39981666,you feeling? My tooth,you feeling?My tooth
1499,39981666,more,more?
1500,39963308,Sweden,"Sweden,"
1501,39963308,provided was collected,provided collected
1502,39800081,face,faces
1503,39912659,created,create
1504,39912659,this,these
1505,40047237,need,needs
1506,39999483,Its,It's
1507,39999483,here,"here,"
1508,39999483,watching bunch,watching a bunch
1509,39786548,have idea,have an idea
1510,40027784,i'm,I'm
1511,40027784,i,I
1512,40027784,schoo,school
1513,40027784,fiancia,fluency
1514,40027784,im,I'm
1515,40027784,yunger,younger
1516,40027784,"of saying""ohh damn i figuerd it","of saying""oh damn, I figured it"
1517,40027784,im,I'm
1518,40027784,seiz,see
1519,40027784,timme,time
1520,40027784,possible,"possible,"
1521,40027784,im,I'm
1522,40027784,fromm,from
1523,40027784,i,I
1524,40027784,wwant,want
1525,40027784,i,I
1526,40027784,i,I
1527,40027784,im,I'm
1528,40027784,i,I
1529,40027784,succed,succeed
1530,40027784,hardwaorking,hard-working
1531,40027784,chances i wi encounter,chances I Wi encounter
1532,40027784,i,I
1533,40027784,wahtever,whatever
1534,40027784,surevey,survey
1535,40027784,i,I
1536,40027784,this fightinhg spirit ? if you,this fighting spirit? If you
1537,40027784,me,"me,"
1538,40027784,challenge me i will,"challenge me, I will"
1539,40027784,tha,than
1540,39828731,"historiens , mostly","Historians, mostly"
1541,39828731,the medecine wansnt aible to,the medication wasn't able to
1542,39828731,poeple,people
1543,39828731,deseases,diseases
1544,39828731,expirience,experience
1545,39828731,conditions ( no X,conditions (no X
1546,39828731,exercicing,exercising
1547,39929922,and dog,and a dog
1548,39916446,"and Levi, Please, add","and Levi,Please, add"
1549,39801765,million are spend on,million spent on
1550,39746041,"accounting services. These suppliers,","accounting services.These suppliers,"
1551,40056584,i,I
1552,40056584,looking into Apache JMeter,looking into?Apache JMeter
1553,39732138,desappeared,disappeared
1554,39913189,yourself rockhard,yourself rock hard
1555,40053703,Abrentius,apprentice
1556,40053703,"""Democrates","""Democrats"
1557,40020795,great,greater
1558,39765570,has light,has a light
1559,39765570,enlogated,elongated
1560,39765570,hided,hidden
1561,39765570,"heavy-looking gloves. Still grining, he","heavy-looking gloves.Still grinning, he"
1562,39765570,immediatly.,immediately.
1563,39765570,So [i]he's[/i] the,So [I] he's [/I] the
1564,39879654,give,giving
1565,39879654,at,in
1566,39693538,to,for
1567,39693538,It,It's
1568,39693538,important try,important to try
1569,39818295,and afternoon,and an afternoon
1570,39662679,role,Role
1571,39662679,the,The
1572,39973818,into,in
1573,39834101,outlines,outline
1574,39820471,unfortunatley,Unfortunately
1575,39707886,as way,as a way
1576,39730196,i,I
1577,39730196,but i belive that,but I believe that
1578,39730196,i,I
1579,39946868,Marc connecting,Marc is connecting
1580,39946868,"Thank you,Will310.633.3329","Thank you, Will310.633.3329"
1581,40026742,safe,"safe,"
1582,40026742,peril,perils
1583,40079617,in tool.,in the tool.
1584,39943858,our dog.p?,our dog. p?
1585,39697017,maks,makes
1586,39798439,Yes,"Yes,"
1587,39879134,pre-columbian,pre-Columbian
1588,40068319,month ago. I guess,month ago.I guess
1589,40068319,new favorite. 2002 by,new favorite.2002 by
1590,40068319,Anne marie. I found,Anne Marie.I found
1591,40068319,song cute. It talks,song cute.It talks
1592,40068319,about childhood. The first,about childhood.The first
1593,40068319,are children. Up to,are children.Up to
1594,40068319,are adults. The song,are adults.The song
1595,40068319,song was just,song has been just
1596,40068319,just chill. The tone,just chilling.The tone
1597,40068319,tone was just,tone has been just
1598,40068319,just lively. It just,just lovely.It just
1599,40068319,mood sometimes. There’s a,mood sometimes.There’s a
1600,40068319,each other. There’s a,each other.There’s a
1601,39699634,day,day?
1602,39959260,at,on
1603,40049568,his line. Aarti didn’t,his line.Aarti didn’t
1604,40049568,the saddle. She looked,the saddle.She looked
1605,40049568,his eyes. Aarti decided,his eyes.Aarti decided
1606,39677260,"Dear Leyre, Thank you","Dear Leyre,Thank you"
1607,39677260,both e-mails. We had,both e-mails.We had
1608,39677260,to Poland. This season’s,to Poland.This season’s
1609,39677260,"and summer… Also, if","and summer…Also, if"
1610,39677260,vineayards,vineyards
1611,39677260,it over. Kindest Regards,it over.Kindest Regards
1612,39891159,to,suppress
1613,39891159,both suppress her,both her
1614,39915063,covid patients ... I,covid patients... I
1615,39915063,very much. Rania قام,very much.Rania قام
1616,39915063,10:54 م I would,10:54 مI would
1617,39797519,weekends,"weekends,"
1618,39797519,of Colombia. The places,of Colombia.The places
1619,39797519,I recomeend visit the,I recommend visiting the
1620,39729665,with excitement. As Parvin,with excitement.As Parvin
1621,39729665,them all. It was,them all.It was
1622,39729665,"birthday party! Finally, when","birthday party!Finally, when"
1623,39729665,"well-spent afternoon. “Mom, you","well-spent afternoon.“Mom, you"
1624,39729665,"replied Aarti. “But mom,","replied Aarti.“But mom,"
1625,39729665,"said Jaishree. “Princess ji,","said Jaishree.“Princess ji,"
1626,40000819,it was frequently,it has been frequently
1627,39672339,Also,"Also,"
1628,39672339,biotechenology,biotechnology
1629,39672339,endeavors to attain,endeavors attain
1630,39672339,more soon.As well,more soon. As well
1631,39884520,"from P1,Q1 to","from P1, Q1 to"
1632,39884520,"to P2,Q2 because","to P2, Q2 because"
1633,39884520,"the supply+Tax(P2,Q2) would","the supply+Tax (P2, Q2) would"
1634,39884520,"Supply+Tax Benefit(P3,Q3), the","Supply+Tax Benefit (P3, Q3), the"
1635,39884520,to,in
1636,40034236,phantasy,fantasy
1637,40069224,of fullness. Let's try,of fullness.Let's try
1638,39747443,However,"However,"
1639,39747443,its,it's
1640,39747443,with some thing to,with something to
1641,40079894,in taxi,in a taxi
1642,39779759,midline,Medellin
1643,39834604,Today,"Today,"
1644,39994383,father.,further.
1645,40037734,for advertising .,for advertising.
1646,39953826,resources,"resources,"
1647,39953826,view,"view,"
1648,39953826,little,fewer
1649,39953826,agaist,against
1650,40069368,o,to
1651,39833879,and expository. In expository,and expository.In expository
1652,39833879,verificaty,verification
1653,39883808,are well. I need,are well.I need
1654,39883808,on SIMS. Standard names,on SIMS.Standard names
1655,40009923,she,She
1656,40009923,from,of
1657,39775368,being,be
1658,39775368,zone,"zone,"
1659,39775368,mehndi.,Mehndi.
1660,39775368,hit,hitting
1661,39983893,live,living
1662,39983893,walked,walking
1663,39983893,and cried. Now Silvio,"and cried.Now, Silvio"
1664,39983893,like find,like to find
1665,39983893,of,in
1666,39987833,coresponding,corresponding
1667,39850154,lovley,lovely
1668,39850154,has disappeared. I think,has disappeared.I think
1669,39850154,took him! I sincerely,took him!I sincerely
1670,39850154,"a solution. Greetings, Martin","a solution.Greetings, Martin"
1671,39668765,"Hi Lori, I'd love","Hi Lori,I'd love"
1672,39668765,this opportunity. Taking into,this opportunity.Taking into
1673,39668765,it works tomorrow Thursday,"it will work tomorrow, Thursday"
1674,39668765,"Daylight Time. Kind regards, Olek","Daylight Time.Kind regards,Olek"
1675,39797939,made derived from,made to derive from
1676,39842590,dont,don't
1677,39842590,"play baseball , so","play baseball, so"
1678,39842590,so i dont want,so I don't want
1679,39842590,foodball,football
1680,40028334,removed stock,removed the stock
1681,39931425,on cost,on the cost
1682,39779071,"Gelo, thankyou for","Gelo, thank you for"
1683,39779071,inspring,inspiring
1684,39993645,"or madam, I am","or madam,I am"
1685,39993645,jobs web. At the,jobs web.At the
1686,39993645,my strengths. The previous,my strengths.The previous
1687,39993645,"from you. Yours faithfully, Claudia Rodríguez.","from you.Yours faithfully,Claudia Rodríguez."
1688,39705656,years,year
1689,39840945,i was go to,I went to
1690,39772737,inside,in
1691,39772737,"pointed out. ""We could","pointed out.""We could"
1692,39990064,"the sea , but","the sea, but"
1693,39818504,Play-Doh,Play-DOH
1694,39818504,Play-Doh,Play-DOH
1695,39818504,smooth way. Leijla is,smooth way.Leijla is
1696,39709709,requests,request
1697,39709709,da,DA
1698,39709709,Mohamed Chouk...These are,Mohamed Chouk... These are
1699,39808394,"a call. Best Regards,","a call.Best Regards,"
1700,39707680,systomp,system
1701,39880262,give,gave
1702,39713923,painful,"painful,"
1703,39675093,"the partition , but","the partition, but"
1704,39675093,pilar.,pillar.
1705,39675093,adapted height. However the,adapted height.However the
1706,39675093,screwed,screw
1707,39675093,on it. Do you,on it.Do you
1708,39675093,H pillar ?,H pillar?
1709,39769755,you're done reading,you're reading
1710,39691081,the fire This outstanding,the fireThis outstanding
1711,39691081,high society.This may,high society. This may
1712,40013836,Nusa Tenggara. Conducted in,Nusa Tenggara.Conducted in
1713,40007087,make diy pot,make a dye pot
1714,40007087,on,own
1715,40007087,hanging,hang
1716,40007087,suitable,suitability
1717,40007087,its,it's
1718,40007087,price,pricey
1719,39790179,in 1970s,in the 1970s
1720,39790179,to pharmaceutical,to the pharmaceutical
1721,39790179,hurt industry's,hurt the industry's
1722,39790179,into,in
1723,39804452,days.,day.
1724,39786952,conducting,conducts
1725,39775094,have,has
1726,39925723,matter,"matter,"
1727,40005220,"Dear Emma, Thanks for","Dear Emma,Thanks for"
1728,39822035,more context. I have,more context.I have
1729,39822035,record purposes. Angela,record purposes.Angela
1730,39861291,book,"book,"
1731,39817191,wented,went
1732,39768852,we,We
1733,40028007,Windscrren,Windscreen
1734,39699779,game.,gamer.
1735,39699779,circus.,circuses.
1736,39699779,money,"money,"
1737,40007091,before entring to the,before entering into the
1738,39967963,take,takes
1739,39946430,"fille,","file,"
1740,39741553,Kind,Kindly
1741,39986811,passaports,passports
1742,39686928,make,makes
1743,39686928,"live,","leave,"
1744,39686928,have place,have a place
1745,39686928,jobs,"jobs,"
1746,39686928,change,changing
1747,39930702,therefore,"therefore,"
1748,39848011,"(Asadi, et .al, 2012:","(Asadi, et. al, 2012:"
1749,39769785,of men. Is it,of men.Is it
1750,39769785,their fathers? Researchers have,their fathers?Researchers have
1751,39769785,partner.,partner.The
1752,39769785,romantic relationship. A girl,romantic relationship.A girl
1753,39769785,eventually marry. A healthy,eventually marry.A healthy
1754,39769785,every man. On the,every man.On the
1755,39769785,results,result
1756,39769785,and affirmation. These type of,and affirmation.These types of
1757,39769785,in relationships. Other girls,in relationships.Other girls
1758,39958515,representation,"representation,"
1759,39958515,enterprises,enterprise's
1760,39779255,are,is
1761,39912702,much longer ? Resources,much longer? Resources
1762,39912702,exploited ( in other country,exploited (in another country
1763,39912702,for,in
1764,39872018,provide cooperative,provide a cooperative
1765,39872018,their co worker’ s,their coworker’ s
1766,40068475,KMBR (Meysam was,KMBR (the museum was
1767,40068475,colleage/friend,colleague/friend
1768,40068475,is adorable. Hopefully end,"is adorable.Hopefully, end"
1769,39795998,here's,Here's
1770,39795998,"Sauce. well, strating from","Sauce. Well, starting from"
1771,39795998,21nd,21st
1772,39795998,Czennies,scenes
1773,39795998,"days,","day,"
1774,39927795,prefer leave,prefer to leave
1775,39872442,you Paypal request,you a PayPal request
1776,39872442,Paypal.,PayPal.
1777,39671591,summary,"summary,"
1778,39671591,(lagely,(largely
1779,39671591,for maximum,for a maximum
1780,39671591,with exception,with the exception
1781,39671591,of 18months. Failure,of 18 months. Failure
1782,39671591,exisitng,existing
1783,39671591,existign,existing
1784,39879779,Also,"Also,"
1785,39879779,try,trying
1786,39879779,avoid to schedule the,avoid scheduling the
1787,39879779,instruments,instrument
1788,40008319,"be moving, offers poisoned","be moved, offer poisoned"
1789,40008319,as,at
1790,39849749,right,rights
1791,39665677,understand,"understand,"
1792,39912403,the golive? It is,the Golive?It is
1793,39665928,and serve. 6. Place,and serve.6. Place
1794,39665928,of fruit. 7. Refrigerate,of fruit.7. Refrigerate
1795,39665928,8 hours. If you,8 hours.If you
1796,39944826,go,goes
1797,39951437,my,My
1798,39766800,makes,make
1799,39766800,reason,reasons
1800,39823794,need,needs
1801,39823794,its,it's
1802,39823794,when fitted(10mm glass),when fitted (10mm glass)
1803,39798874,i,I
1804,39686690,in French. In English;,in French.In English;
1805,39756113,the goods I am,the goodsI am
1806,39756113,this relationship. Please feel,this relationship.Please feel
1807,39745583,much more higher,much higher
1808,39745583,intel,Intel
1809,39745583,for,of
1810,39893066,traditions.,tradition.
1811,39893066,you,your
1812,39997897,ordre,order
1813,39997897,ingraving,engraved
1814,40053747,32Gb.,32GB.
1815,39786554,to Northridge,to the Northridge
1816,39786554,to,for
1817,39786554,medical conditions. According to,medical conditions.According to
1818,39786554,monitor,monitored
1819,39786554,hopital,hospital
1820,39797174,Macatus.,markets.
1821,39797174,naval blockade. Calpurnius peered,naval blockade.Calpurnius peered
1822,39993092,you done reading,you reading
1823,39993092,we,our
1824,39993092,Also,"Also,"
1825,39993092,your quer(ies)y answered.,your car (IEs) y answered.
1826,39807353,direection.,direction.
1827,39869299,telled,told
1828,39869299,lost luggages at,lost pieces of luggage at
1829,39869299,am notthe responsible,am not the responsible
1830,39869299,why hebooked such,why he booked such
1831,39869299,expensive roomin a,expensive room in a
1832,39869299,four-stars,four-star
1833,39869299,efficient salariesis not,efficient salaries is not
1834,39869299,(also) to give,(also) give
1835,40053402,morning,"morning,"
1836,39882435,po,PO
1837,39882435,amolto,"emotion,"
1838,40028408,question 13 : When designing,question 13:When designing
1839,39972324,talking about. Could you,talking about.Could you
1840,39972324,Maintenance WO ? Thank you,Maintenance WO?Thank you
1841,40031743,from ( name your,from (name your
1842,40031743,Putra-Help School. There are,Putra-Help School.There are
1843,40031743,new airport. However some,"new airport.However, some"
1844,40064380,Write,Writing
1845,40019182,showed,shown
1846,39918083,colleagues,"colleagues,"
1847,39918083,jobbie,goodbye
1848,39918083,i,I
1849,39918083,write correct The things,write correctThe things
1850,39918083,cajon,Cajon
1851,39918083,a day. My hobbies,a day.My hobbies
1852,39918083,room,"room,"
1853,39918083,in class. What I,in class.What I
1854,39878770,indo,Indo
1855,39878770,i'm,I'm
1856,39878770,"no ma, i wanna","no man, I wanna"
1857,39878770,in new york city,in New York city
1858,40004822,monday.,Monday.
1859,40004822,personal taskin our,personal task in our
1860,40004822,we,our
1861,40004822,an effecient moderators. But,an efficient moderator. But
1862,40004822,cant,can't
1863,40004822,are,"are,"
1864,39933194,in tourism,in the tourism
1865,40010345,i,I
1866,40010345,"years old , i still","years old, I still"
1867,40010345,dont,don't
1868,40010345,"a bicicle , because","a bicycle, because"
1869,40010345,enought,enough
1870,40010345,not leat her do,not leather do
1871,40010345,"do it , so","do it, so"
1872,40010345,i,I
1873,40010345,learnd,learned
1874,40010345,"if i wanted , i just","if I wanted, I just"
1875,40010345,i,I
1876,40010345,"do it , otherwise","do it, otherwise"
1877,40010345,i,I
1878,40010345,i,I
1879,40010345,"grown more , and","grown more, and"
1880,40010345,for me . So i took,for me.So I took
1881,40010345,"so serius , and","so serious, and"
1882,40010345,i,I
1883,40010345,"her bike , and","her bike, and"
1884,40010345,"was yes , at","was yes, at"
1885,40010345,at thhe begining of,at the beginning of
1886,40010345,i,I
1887,40010345,"hundred times , but","hundred times, but"
1888,40010345,i,I
1889,40010345,"time i fell , and","time I fell, and"
1890,40010345,rigth,right
1891,40010345,i,I
1892,40010345,"in myself , so","in myself, so"
1893,40010345,i,I
1894,40010345,i,I
1895,40010345,up i remenber What,up I remember What
1896,40010345,"told me , and","told me, and"
1897,40010345,i,I
1898,40010345,"do it , and","do it, and"
1899,40010345,and i remmerber that,and I remember that
1900,40010345,yestarday,yesterday
1901,40010345,i,I
1902,40010345,i,I
1903,40010345,i,I
1904,40010345,and practice . I had,and practice.I had
1905,40010345,importan,important
1906,40010345,"my mom , she","my mom, she"
1907,40000595,fullfill,fulfill
1908,40000595,carrer.,career.
1909,39796543,bless,blessed
